,Accuracy,Precision,Recall,F1 Score,Cohen Kappa,ROC AUC
0,0.9728260869565217,0.9887640449438202,0.9565217391304348,0.9723756906077348,0.9456521739130435,0.9728260869565217
